<?xml version="1.0" encoding="UTF-8" standalone="yes"?>
<descriptor xmlns="http://www.ibm.com/iis/igc/asset-type-descriptor" 
	bundleId="IIDR"> 
	<!-- *==============================================================* -->
	<!-- bundleId is a short ID for preventing clashes with other       * --> 
	<!-- asset bundles.                                                 * -->
	<!-- *==============================================================* -->
	<!-- *==============================================================* -->
	<!-- *            GUI Containers: Families, Trees                   * -->
	<!-- *==============================================================* -->

	<family position="1" classRefs="Datastore, Subscription, TableMapping, RuleSet, RSTableMapping, ColumnMapping" >
		<label key="iidrFamily" inDefaultLocale="Data Replication" />
	</family>

	<tree position="3" rootClassRefs="Datastore">
		<label key="iidrTree" inDefaultLocale="Data Replication" />
	</tree>

	<!-- *==============================================================* -->
	<!-- *      Structural definitions: Classes, Attributes             * -->
	<!-- *==============================================================* -->

	<!-- *==============================================================* -->
	<!-- *      Class:  Datastore                                       * -->
	<!-- *==============================================================* -->

	<class localId="Datastore" dataAccessRole="None">	
		<label key="class.Datastore" inDefaultLocale="IIDR Datastore" />
		<pluralLabel key="class-plural.Datastore" inDefaultLocale="IIDR Datastores" />

		<section>	
			<label key="class.Datastore" inDefaultLocale="Datastore details" />
			<attribute localId="host" type="String" editable="false">
				<label key="attr.Datastore.host" inDefaultLocale="Host name" />
			</attribute>	
			<attribute localId="port" type="String" editable="false">
				<label key="attr.Datastore.port" inDefaultLocale="Port" />
			</attribute>				
			<attribute localId="version" type="String" editable="false">
				<label key="attr.Datastore.version" inDefaultLocale="Version" />
			</attribute>				
			<attribute localId="platform" type="String" editable="false">
				<label key="attr.Datastore.platform" inDefaultLocale="Platform" />
			</attribute>				
			<attribute localId="database" type="String" editable="false">
				<label key="attr.Datastore.database" inDefaultLocale="Database" />
			</attribute>				
			<attribute localId="type" type="String" editable="false">
				<label key="attr.Datastore.type" inDefaultLocale="Type" />
			</attribute>				
		</section>											
	</class>

	<!-- *==============================================================* -->
	<!-- *      Class: Subscription                                          * -->
	<!-- *==============================================================* -->

	<class localId="Subscription" containerClassRefs="Datastore" canHaveImage="true" expandableInLineage="false" >
		<label key="class.Subscription" inDefaultLocale="IIDR Subscription" />
		<pluralLabel key="class-plural.Subscription" inDefaultLocale="IIDR Subscriptions" />

		<section>
			<label key="section.Subscription.Details" inDefaultLocale="Subscription Details" />
			<attribute localId="source_datastore" type="String" editable="false">
				<label key="attr.Subscription.source_datastore" inDefaultLocale="Source Datastore" />
			</attribute>				
			<attribute localId="target_datastore" type="String" editable="false">
				<label key="attr.Subscription.target_datastore" inDefaultLocale="Target Datastore" />
			</attribute>	
			<attribute localId="source_id" type="String" editable="false">
				<label key="attr.Subscription.source_id" inDefaultLocale="Source ID" />
			</attribute>	
			<attribute localId="tcp_host" type="String" editable="false">
				<label key="attr.Subscription.tcp_host" inDefaultLocale="TCP Host" />
			</attribute>	
			<attribute localId="firewall_port" type="String" editable="false">
				<label key="attr.Subscription.firewall_port" inDefaultLocale="Firewall Port" />
			</attribute>	
			<attribute localId="persistency" type="Boolean" editable="false">
				<label key="attr.Subscription.persistency" inDefaultLocale="Persistency" />
			</attribute>	
		</section>
	</class>

	<!-- *==============================================================* -->
	<!-- *      Class: RuleSet                                          * -->
	<!-- *==============================================================* -->

	<class localId="RuleSet" containerClassRefs="Subscription" canHaveImage="true" expandableInLineage="false" >
		<label key="class.RuleSet" inDefaultLocale="IIDR Rule Set" />
		<pluralLabel key="class-plural.RuleSet" inDefaultLocale="IIDR Rule Sets" />

		<section>
			<label key="section.RuleSet.Details" inDefaultLocale="Rule Set Details" />
			<attribute localId="schema" type="String" editable="false">
				<label key="attr.RuleSet.schema" inDefaultLocale="Schema" />
			</attribute>	
			<attribute localId="include_tables" type="String" editable="false">
				<label key="attr.RuleSet.include_tables" inDefaultLocale="Include Tables" />
			</attribute>	
			<attribute localId="exclude_tables" type="String" editable="false">
				<label key="attr.RuleSet.exclude_tables" inDefaultLocale="Exclude Tables" />
			</attribute>	
			<attribute localId="structure_only" type="Boolean" editable="false">
				<label key="attr.RuleSet.structure_only" inDefaultLocale="Structure Only" />
			</attribute>			
			<attribute localId="context" type="String" editable="false">
				<label key="attr.RuleSet.context" inDefaultLocale="Context" />
			</attribute>			
		</section>
	</class>
	
	<!-- *==============================================================* -->
	<!-- *      Class: TableMapping                                          * -->
	<!-- *==============================================================* -->

	<class localId="TableMapping" containerClassRefs="Subscription" canHaveImage="true" expandableInLineage="false" >
		<label key="class.TableMapping" inDefaultLocale="IIDR Table Mapping" />
		<pluralLabel key="class-plural.TableMapping" inDefaultLocale="IIDR Table Mappings" />

		<section>
			<label key="section.TableMapping.Details" inDefaultLocale="Table Mapping Details" />
			<attribute localId="source" type="String" editable="false">
				<label key="attr.TableMapping.source" inDefaultLocale="Source" />
			</attribute>	
			<attribute localId="target" type="String" editable="false">
				<label key="attr.TableMapping.target" inDefaultLocale="Target" />
			</attribute>	
			<attribute localId="mapping_type" type="String" editable="false">
				<label key="attr.TableMapping.mapping_type" inDefaultLocale="Mapping Type" />
			</attribute>	
			<attribute localId="method" type="String" editable="false">
				<label key="attr.TableMapping.method" inDefaultLocale="Method" />
			</attribute>	
			
			<attribute localId="prevent_recursion" type="Boolean" editable="false">
				<label key="attr.TableMapping.prevent_recursion" inDefaultLocale="Prevent Recursion" />
			</attribute>			
		</section>
	</class>

	<!-- *==============================================================* -->
	<!-- *      Class: RSTableMapping                                          * -->
	<!-- *==============================================================* -->

	<class localId="RSTableMapping" containerClassRefs="Subscription" canHaveImage="true" expandableInLineage="false" >
		<label key="class.RSTableMapping" inDefaultLocale="IIDR Rule Set Table Mapping" />
		<pluralLabel key="class-plural.RSTableMapping" inDefaultLocale="IIDR Rule Set Table Mappings" />

		<section>
			<label key="section.RSTableMapping.Details" inDefaultLocale="Rule Set Table Mapping Details" />
			<attribute localId="schema" type="String" editable="false">
				<label key="attr.RSTableMapping.schema" inDefaultLocale="Schema" />
			</attribute>	
			<attribute localId="table" type="String" editable="false">
				<label key="attr.RSTableMapping.table" inDefaultLocale="Table" />
			</attribute>	
			<attribute localId="structure_only" type="Boolean" editable="false">
				<label key="attr.RSTableMapping.structure_only" inDefaultLocale="Structure Only" />
			</attribute>				
		</section>
	</class>

	<!-- *==============================================================* -->
	<!-- *      Class: ColumnMapping                                          * -->
	<!-- *==============================================================* -->

	<class localId="ColumnMapping" containerClassRefs="TableMapping" canHaveImage="true" expandableInLineage="false" >
		<label key="class.ColumnMapping" inDefaultLocale="IIDR Column Mapping" />
		<pluralLabel key="class-plural.ColumnMapping" inDefaultLocale="IIDR Column Mappings" />

		<section>
			<label key="section.ColumnMapping.Details" inDefaultLocale="Column Mapping Details" />
			<attribute localId="source_column" type="String" editable="false">
				<label key="attr.TableMapping.source_column" inDefaultLocale="Source Column" />
			</attribute>	
			<attribute localId="target_column" type="String" editable="false">
				<label key="attr.TableMapping.target_column" inDefaultLocale="Target Column" />
			</attribute>	
			<attribute localId="initial_value" type="String" editable="false">
				<label key="attr.TableMapping.initial_value" inDefaultLocale="Initial Value" />
			</attribute>	

		</section>
	</class>


</descriptor>